{"cameraMode":{"drawMode":0,"name":"Shaded","section":"Shading Mode"},"sceneLighting":false,"audioPlay":false,"sceneViewState":{"showFog":true,"showMaterialUpdate":true,"showSkybox":false,"showFlares":true,"showImageEffects":true,"showParticleSystems":true},"in2DMode":false,"pivot":{"x":-0.029795527458190919,"y":1.0775169134140015,"z":0.04902815818786621},"rotation":{"x":-0.2785736322402954,"y":-0.0008738848264329135,"z":0.0002275900187669322,"w":-0.960414469242096},"size":5.1690216064453129,"orthographic":false}