{"cameraMode":{"drawMode":0,"name":"Shaded","section":"Shading Mode"},"sceneLighting":false,"audioPlay":false,"sceneViewState":{"showFog":true,"showMaterialUpdate":true,"showSkybox":false,"showFlares":true,"showImageEffects":true,"showParticleSystems":true},"in2DMode":false,"pivot":{"x":-0.1439824104309082,"y":1.8287444114685059,"z":-0.1279212236404419},"rotation":{"x":0.19367016851902009,"y":-0.0308977160602808,"z":0.006102526094764471,"w":0.9805610775947571},"size":11.95711612701416,"orthographic":false}