{"cameraMode":{"drawMode":0,"name":"Shaded","section":"Shading Mode"},"sceneLighting":false,"audioPlay":false,"sceneViewState":{"showFog":true,"showMaterialUpdate":true,"showSkybox":false,"showFlares":true,"showImageEffects":true,"showParticleSystems":true},"in2DMode":false,"pivot":{"x":-0.3017401695251465,"y":2.3310470581054689,"z":-0.22465956211090089},"rotation":{"x":0.19367016851902009,"y":-0.0308977160602808,"z":0.006102526094764471,"w":0.9805610775947571},"size":13.369166374206543,"orthographic":false}