{"cameraMode":{"drawMode":0,"name":"Shaded","section":"Shading Mode"},"sceneLighting":false,"audioPlay":false,"sceneViewState":{"showFog":true,"showMaterialUpdate":true,"showSkybox":false,"showFlares":true,"showImageEffects":true,"showParticleSystems":true},"in2DMode":false,"pivot":{"x":5.590446472167969,"y":-8.263887405395508,"z":-0.578277587890625},"rotation":{"x":0.3746052086353302,"y":-0.011125819757580758,"z":0.0044954814948141579,"w":0.9271068572998047},"size":179.56048583984376,"orthographic":false}