{"cameraMode":{"drawMode":0,"name":"Shaded","section":"Shading Mode"},"sceneLighting":false,"audioPlay":false,"sceneViewState":{"showFog":true,"showMaterialUpdate":true,"showSkybox":false,"showFlares":true,"showImageEffects":true,"showParticleSystems":true},"in2DMode":false,"pivot":{"x":-0.7256546020507813,"y":-0.502143144607544,"z":-95.57608795166016},"rotation":{"x":0.19367016851902009,"y":-0.0308977160602808,"z":0.006102526094764471,"w":0.9805610775947571},"size":50.95219039916992,"orthographic":false}