{"cameraMode":{"drawMode":0,"name":"Shaded","section":"Shading Mode"},"sceneLighting":false,"audioPlay":false,"sceneViewState":{"showFog":true,"showMaterialUpdate":true,"showSkybox":false,"showFlares":true,"showImageEffects":true,"showParticleSystems":true},"in2DMode":false,"pivot":{"x":-2.682861328125,"y":0.13748455047607423,"z":-123.58718872070313},"rotation":{"x":0.19367016851902009,"y":-0.0308977160602808,"z":0.006102526094764471,"w":0.9805610775947571},"size":453.7441101074219,"orthographic":false}