{"cameraMode":{"drawMode":0,"name":"Shaded","section":"Shading Mode"},"sceneLighting":false,"audioPlay":false,"sceneViewState":{"showFog":true,"showMaterialUpdate":true,"showSkybox":false,"showFlares":true,"showImageEffects":true,"showParticleSystems":true},"in2DMode":false,"pivot":{"x":-0.09762516617774964,"y":1.8160686492919922,"z":-0.40200504660606387},"rotation":{"x":0.12939292192459107,"y":-0.10539529472589493,"z":0.013831318356096745,"w":0.9858793020248413},"size":4.1697773933410648,"orthographic":false}