{"cameraMode":{"drawMode":0,"name":"Shaded","section":"Shading Mode"},"sceneLighting":false,"audioPlay":false,"sceneViewState":{"showFog":true,"showMaterialUpdate":true,"showSkybox":false,"showFlares":true,"showImageEffects":true,"showParticleSystems":true},"in2DMode":false,"pivot":{"x":-0.06929957866668701,"y":1.2332853078842164,"z":0.14120423793792725},"rotation":{"x":0.04722576215863228,"y":-0.29801908135414126,"z":0.0147639075294137,"w":0.9532766938209534},"size":7.5039167404174809,"orthographic":false}