{"cameraMode":{"drawMode":0,"name":"Shaded","section":"Shading Mode"},"sceneLighting":true,"audioPlay":false,"sceneViewState":{"showFog":true,"showMaterialUpdate":true,"showSkybox":true,"showFlares":true,"showImageEffects":true,"showParticleSystems":true},"in2DMode":false,"pivot":{"x":2.9537858963012697,"y":7.163809776306152,"z":-2.065903663635254},"rotation":{"x":-0.20919880270957948,"y":0.28890174627304079,"z":-0.06484965234994888,"w":-0.9319689869880676},"size":20.34432601928711,"orthographic":false}