{"cameraMode":{"drawMode":0,"name":"Shaded","section":"Shading Mode"},"sceneLighting":false,"audioPlay":false,"sceneViewState":{"showFog":true,"showMaterialUpdate":true,"showSkybox":false,"showFlares":true,"showImageEffects":true,"showParticleSystems":true},"in2DMode":false,"pivot":{"x":0.08587384223937988,"y":2.440722703933716,"z":-0.09451556205749512},"rotation":{"x":0.3746052086353302,"y":-0.011125819757580758,"z":0.0044954814948141579,"w":0.9271068572998047},"size":10.383010864257813,"orthographic":false}