{"cameraMode":{"drawMode":0,"name":"Shaded","section":"Shading Mode"},"sceneLighting":false,"audioPlay":false,"sceneViewState":{"showFog":true,"showMaterialUpdate":true,"showSkybox":false,"showFlares":true,"showImageEffects":true,"showParticleSystems":true},"in2DMode":false,"pivot":{"x":-0.005477488040924072,"y":4.649703025817871,"z":0.04363727569580078},"rotation":{"x":0.19367016851902009,"y":-0.0308977160602808,"z":0.006102526094764471,"w":0.9805610775947571},"size":19.832822799682618,"orthographic":false}